pdb_code,chain_id,mutation,exp_ddG,pred_ddG
2ocj,A,Q104H,-0.24,0.3573
2ocj,A,T123A,0.13,0.092
2ocj,A,F134L,4.78,1.42
2ocj,A,A129S,0.19,-0.0386
2ocj,A,T150P,0.08,-0.0627
2ocj,A,D148E,0.43,0.0182
2ocj,A,H168R,2.75,1.105
2ocj,A,Q165K,1.27,0.0646
2ocj,A,R175H,3.52,1.8942
2ocj,A,L206S,0.1,1.1276
2ocj,A,I195T,4.12,2.2066
2ocj,A,M237I,3.18,0.5922
2ocj,A,D228E,-0.05,-0.1541
2ocj,A,R249S,1.92,1.2825
2ocj,A,C242S,3.07,0.5231
2ocj,A,R273H,0.45,0.9084
2ocj,A,S260P,0.32,0.2065
2ocj,A,Q104P,-0.11,0.3615
2ocj,A,M133L,-0.3,-0.312
2ocj,A,D148S,-0.22,0.3073
2ocj,A,Q167E,0.43,-0.3989
2ocj,A,C182S,-0.16,0.1541
2ocj,A,Y220C,3.98,2.6401
2ocj,A,N239Y,-1.49,-0.4024
2ocj,A,I255F,3.29,1.5536
2ocj,A,A129E,0.38,-0.1258
2ocj,A,L145Q,2.98,3.3092
2ocj,A,V157F,3.88,2.4736
2ocj,A,R175A,0.73,1.2015
2ocj,A,V203A,-0.49,0.4215
2ocj,A,Y236F,-0.27,-0.0083
2ocj,A,R248Q,1.87,-0.365
2ocj,A,R282W,3.3,1.0446
2ocj,A,A129D,0.7,-0.0041
2ocj,A,V143A,3.5,2.5358
2ocj,A,P151S,4.49,2.1601
2ocj,A,R174K,0.22,-0.2206
2ocj,A,L201P,-0.35,-0.2809
2ocj,A,I232T,3.19,2.0753
2ocj,A,G245S,1.21,0.6319
2ocj,A,F270C,4.54,1.9094
2ocj,A,N268D,-1.21,0.0747
